Metric,Score
Average Accuracy,0.7604417670682732
Average Precision,0.7530585056687882
Average Recall,0.73420573745459
Average F1-Score,0.7407410801508887
