,precision,recall,f1-score,support
negatif,1.0,0.25,0.4,8.0
positif,0.9817629179331308,1.0,0.99079754601227,323.0
accuracy,0.9818731117824774,0.9818731117824774,0.9818731117824774,0.9818731117824774
macro avg,0.9908814589665653,0.625,0.6953987730061351,331.0
weighted avg,0.9822036933305173,0.9818731117824774,0.9765184512446018,331.0
